{
  "project_info": {
    "project_number": "584611500575",
    "project_id": "uno-online-a82aa",
    "storage_bucket": "uno-online-a82aa.appspot.com"
  },
  "client": [
    {
      "client_info": {
        "mobilesdk_app_id": "1:584611500575:android:31c55288521a2b5fbdfb2a",
        "android_client_info": {
          "package_name": "partygame.free.onlinecardgame.uno"
        }
      },
      "oauth_client": [
        {
          "client_id": "584611500575-j44voivhr047k8324lant0jnhps7t02c.apps.googleusercontent.com",
          "client_type": 1,
          "android_info": {
            "package_name": "partygame.free.onlinecardgame.uno",
            "certificate_hash": "5ce31e48f77664295ec886c857bcbd5b9ef48fd1"
          }
        },
        {
          "client_id": "584611500575-pv4r2au9s997hbau5mpr9875blg21pf3.apps.googleusercontent.com",
          "client_type": 1,
          "android_info": {
            "package_name": "partygame.free.onlinecardgame.uno",
            "certificate_hash": "aaefee2d1e156c9f57a3ad4090a3ec150cf9a5c9"
          }
        },
        {
          "client_id": "584611500575-0qujjta427ec9rpgoef3qiro5ceb3ntq.apps.googleusercontent.com",
          "client_type": 3
        }
      ],
      "api_key": [
        {
          "current_key": "AIzaSyD_Lh_3RtGs_ubP72oZjJqCt1xSRk2X10E"
        }
      ],
      "services": {
        "appinvite_service": {
          "other_platform_oauth_client": [
            {
              "client_id": "584611500575-0qujjta427ec9rpgoef3qiro5ceb3ntq.apps.googleusercontent.com",
              "client_type": 3
            },
            {
              "client_id": "584611500575-vbetn528p6jg5t0a5pa8832hclii27pj.apps.googleusercontent.com",
              "client_type": 2,
              "ios_info": {
                "bundle_id": "partygame.free.onlinecardgame.uno"
              }
            }
          ]
        }
      }
    }
  ],
  "configuration_version": "1"
}